specimen,ES1,ES2,ES3,ES4,ES5,ES6,ES7,ES8,ES9,ES10,ES11,ES12,ES13,ES14,ES15,ES16,ES17,ES18,ES19,ES20
456 NAZ2 3.tif,-0.057640576,-0.007997978,0.014132319,0.00798889,-0.031874793,-0.019398761,0.052165026,-0.000449152,0.008018361,-0.026784234,-0.003322325,-0.025946457,-0.001043428,0.020365157,0.010038987,0.019450303,-0.007344224,0.016921274,0.013260675,0.048843327
481 NAZ2 28.tif,-0.242567972,0.106950127,0.03226045,-0.013074051,-0.051369508,-0.009543235,0.011308279,-0.033142586,0.011059991,-0.014404064,0.002412424,-0.01697143,0.024219384,0.04525521,-0.027721723,0.011344879,0.041890804,-0.05114467,-0.013812151,0.015585277
494 NAZ2 41.tif,-0.185487907,0.010649934,0.034931169,-0.003893127,-0.104886411,0.045225726,0.042749591,0.033104641,0.002608232,-0.032253149,0.059529482,0.032656678,-0.024999959,0.034781492,-0.100360203,-0.035502648,-0.001187591,-0.049176338,-0.050374902,-0.007959006
495 NAZ2 42.tif,-0.076080177,-0.026595265,-0.021824322,0.016405163,-0.052505038,0.005119023,0.003665734,-0.019814909,-0.00588128,-0.00978115,0.051892517,0.006996653,0.012638822,-0.012947363,-0.018574396,-0.040993416,-0.000663556,-0.008545671,-0.026959115,0.022001744
497 NAZ2 44.tif,-0.184214498,-0.076324023,0.040340365,-0.041392488,-0.026161131,-0.06346572,-0.02973683,-0.02403969,-0.015668623,0.021787671,-0.035428586,-0.042083305,0.046079452,-0.084587676,0.047924395,0.040836961,0.004505216,-0.009341424,-0.070941912,-0.017385397
500 NAZ2 47.tif,-0.149216033,0.030044828,-0.012273358,-0.010772056,-0.031045722,-0.01708027,0.007728574,0.037454215,-0.00145562,0.042030069,-0.02299878,-0.023145059,-0.026721653,0.002881276,-0.021741524,0.012146773,0.001788525,-0.038143644,-0.021217199,-0.022606091
505 NAZ2 52.tif,-0.077307213,0.00520063,-0.061239736,0.061692013,-0.069985874,0.060593646,0.041689609,-0.014925784,-0.015394878,-0.00671865,-0.036494031,-0.051687491,-0.029418162,0.021690952,0.0297692,0.038916021,0.029893472,0.016575954,-0.03110172,0.021640683
507 NAZ2 54.tif,-0.154133333,0.054949318,-0.056386881,0.034789646,-0.040655493,0.033638751,0.01913229,0.009399543,-0.026162228,0.001725315,0.027044129,0.009416475,-0.032195617,0.034195474,-0.057164697,-0.043645456,0.004975113,-0.02457991,-0.003817804,-0.017384955
508 NAZ2 55.tif,-0.165058246,0.089368248,-0.032857338,0.068277254,-0.031585721,0.053223312,0.033407297,0.026813001,0.046979899,-0.007067447,0.032899447,0.021306338,0.031736613,-0.000693157,-0.001689769,-0.011499973,0.012648298,-0.001709693,0.038916203,0.016621521
516 NAZ2 63.tif,-0.103615211,0.091549328,0.018092573,-0.020933766,-0.053411243,0.017666128,0.030466765,-0.01530526,-0.031290522,0.030577437,-0.010953339,-0.058547833,-0.007826291,0.02074337,0.008751496,0.018579193,-0.005788622,0.010305201,-0.016597195,0.006747322
519 NAZ2 66.tif,-0.063686125,0.016765715,-0.029436691,-0.04049917,-0.020389219,0.01791763,-0.013732165,-0.005374721,0.01477777,-0.004731043,-0.002530139,-0.059079169,0.097156269,-0.003574522,-0.026690789,-0.043860964,0.053603438,0.024096479,0.014546467,0.056417217
520 NAZ2 67.tif,0.14357703,-0.086110457,0.079846363,-0.07985291,0.014600218,0.072852481,-0.018993149,-0.034745507,-0.009492974,-0.023625138,-0.009030213,0.016949276,0.013544867,0.011112108,-0.018172545,0.00649002,-0.024057588,0.0274108,0.006993445,-0.005158216
524 NAZ2 71.tif,-0.256384978,0.018305145,-0.066769657,-0.006693056,-0.010840234,0.011423336,0.116194642,0.008621144,0.001099812,-0.00400199,-0.032218126,-0.005735114,-0.040722183,-0.041913115,0.011185195,0.071807451,-0.068095934,0.030379519,0.003318606,0.026762641
527 NAZ2 74.tif,-0.102801519,0.046342459,-0.022940779,-0.075733287,-0.069911895,-0.034867182,-0.002898998,0.007864524,0.015492713,0.031429437,-0.107487867,0.02941882,-0.020002608,-0.035253888,0.048959224,0.023235419,-0.020783624,-0.0043438,-0.006792361,0.059449438
531 NAZ2 78.tif,-0.145022942,0.042668639,-0.048538986,-0.013623442,-0.113838646,0.024997344,0.0474879,-0.017442006,-0.015623355,0.018103802,-0.048598502,-0.030259087,0.026649734,-1.22E-05,-0.00049527,0.003474592,0.052553535,0.015549242,-0.021961252,0.073145216
532 NAZ2 79.tif,-0.137677026,0.056493899,-0.049450862,-0.002048114,-0.060299345,0.023994007,0.019601031,-0.038441743,-0.027704449,-0.01864922,0.020356202,-0.047475789,0.008700449,0.019715775,-0.019255121,0.006160571,0.000648112,0.031172472,0.012060584,0.022307692
550 NAZ2 97.tif,-0.095624021,0.063727659,-0.000630526,-0.007107467,-0.028130637,-0.012589028,-0.009130293,0.013383686,-0.006996665,0.028520065,0.025289592,-0.012203348,-0.02074576,-0.001857198,-0.008317184,0.007602276,-0.032810747,-0.031223692,-0.005257673,0.006405408
557 NAZ2 104.tif,-0.124903668,0.043121726,0.011640978,0.00671176,-0.093404281,-0.026405934,0.04637554,0.016857488,-0.003037138,-0.0025831,0.032460021,0.000273395,-0.045354886,0.035084866,-0.004824801,0.032479692,-0.03753818,-0.027938467,-0.044974994,-0.025694969
562 NAZ2 109.tif,-0.065193224,-0.037746112,-0.057570755,0.065145339,-0.08777525,-0.045232867,-0.031187049,0.011188908,0.063456043,0.059060966,0.00847913,-0.064884417,0.010999637,-0.031383598,0.023894561,-0.083018427,0.007715634,0.004820773,-0.03060927,-0.005185571
564 NAZ2 111.tif,-0.0550638,0.09291582,0.012422602,0.058352521,-0.022394081,0.045500913,-0.043909059,-0.044047911,0.005469825,-0.0228336,0.018518506,-0.001373341,0.004860693,-0.014980625,-0.071526258,-0.023604714,0.013812835,0.007490181,-0.008312975,0.026219152
571 NAZ2 118.tif,-0.106978034,0.092224814,0.004109986,0.028560587,-0.049044122,-0.028962403,0.039052642,0.045590507,0.002184897,-0.114701594,-0.090867685,-0.039162511,-0.054769889,0.056371478,0.097923636,-0.021109634,0.047953208,-0.018339817,0.072092934,0.0307287
577 NAZ2 124.tif,-0.102845594,-0.02699589,-0.075330549,-0.046015093,-0.036469918,-0.009625688,0.022200725,0.017698756,0.016182044,0.004131567,0.046336096,-0.004019336,0.036030259,-0.031407111,-0.00756371,-0.004452233,0.002157217,-0.024635,0.017360278,0.007189231
585 NAZ2 132.tif,-0.158793834,0.088178838,0.017668052,0.112328078,-0.050053442,0.072413537,0.028348911,0.027389539,0.043397343,0.012461665,0.033070171,-0.017045919,-0.085039776,-0.006521542,-0.024943142,0.051882434,0.046273181,-0.013784877,-0.049836318,0.049643678
594 NAZ2 141.tif,-0.05586367,0.130722266,0.008506296,-0.008318853,0.006846627,-0.005340588,-0.026248539,-0.022004674,0.016054333,-0.012221335,-0.006399641,-0.051870003,-0.008465298,-0.036058805,0.027826648,-0.029004895,0.019378253,-0.016579685,-0.004195118,0.01783081
597 NAZ2 144.tif,-0.01568874,-0.025016669,-0.050366256,-0.024363737,-0.056529901,-0.020257502,-0.050491647,0.034890622,0.004660214,0.035070659,0.006936923,0.083545968,0.014644561,0.071941752,0.066101872,0.025449034,0.023543273,-0.052346762,0.041290161,0.052969196
601 NAZ2 148.tif,-0.049739174,0.013549733,-0.035450148,0.038056866,-0.009582644,0.075941195,0.049147925,0.047313875,0.015799519,0.03654194,-0.066213155,-0.063628098,0.006828887,-0.096245566,0.023090338,-0.068880739,-0.000896608,-0.009795064,-0.008054054,0.001600643
602 NAZ2 149.tif,-0.134992095,0.080693413,-0.052879346,0.094719321,-0.079519797,0.020169803,0.025766459,-0.041286477,0.013027038,-0.001246006,0.042107638,0.012900694,-0.001383119,0.030135813,0.018724315,0.003683561,-0.021081304,-0.009876828,0.028587767,-0.047899008
604 NCA10 1.tif,0.010501096,0.020845933,0.001299593,-0.052808773,0.063280508,0.009630186,-0.023717252,0.055698366,0.005750326,0.028090309,-0.029279797,0.030028116,-0.024902499,0.029465812,-0.011999984,-0.011210028,0.014189099,0.011409277,0.006601446,-0.010677378
609 NCA10 6.tif,-0.026699292,-0.090158474,0.081792961,-9.83E-05,0.051896807,-0.021101602,0.003782262,-0.056283542,0.002757221,-0.020911642,0.001226614,-0.025580688,-0.014644671,-0.004628809,-0.024424441,-0.005599135,0.00137889,0.0083331,-0.005170345,0.031518881
613 NCA10 10.tif,0.093417756,0.000376911,0.035756954,-0.043908259,0.019669307,-0.0404913,0.008375601,0.000372431,0.006581973,-0.00157216,-0.014366415,0.018750533,-0.003584974,0.009406774,0.021799383,-0.019992402,0.026174785,0.01693586,-0.00240491,-0.019770898
619 NCA10 16.tif,0.047982136,-0.021434836,-0.011906556,-0.020303013,0.036742231,0.038888817,0.031720563,0.037625785,-0.04620457,-0.015809669,0.012324012,0.030590062,0.00499325,0.020855389,0.020889436,-0.006245507,-0.069633396,0.010112405,-0.00350947,-0.008577358
621 NCA10 18.tif,0.008363693,-0.104785188,0.086606548,-0.000575972,0.018196705,-0.046642474,0.018521173,0.014539032,0.011919072,0.020217201,0.018205075,-0.002232381,0.01540416,0.008043951,0.008403879,0.014819066,-0.006573604,-0.042014805,0.003159908,0.010719219
624 NCA10 21.tif,0.010452682,-0.07799115,0.01666362,-0.036451155,0.048336435,0.007278862,0.009171261,-0.014832008,-0.017143662,0.037466986,0.022084422,-0.006001974,-0.015820773,-0.003067535,5.34E-05,-0.025203259,0.020812691,-0.01818219,0.01033403,0.000133661
625 NCA10 22.tif,0.119377978,-0.060018096,0.129643238,0.025375775,0.000407411,-0.014878823,-0.012287381,0.039396677,-0.028988465,0.023058027,0.034199451,-0.00662164,0.01546433,-0.00131497,-0.027936329,-0.005526411,-0.009729061,-0.001880039,-0.001058668,-0.020442449
627 NCA10 24.tif,-0.030931026,-0.016608009,0.152130566,-0.012047962,0.078762798,-0.038772983,-0.053060278,-0.008246365,0.005653871,0.042315993,0.029721852,-0.00113346,-0.033098164,-0.030420857,-0.009257777,-0.000237863,0.003903055,0.017572173,-0.037164063,0.000181744
629 NCA10 26.tif,-0.014351017,0.028242554,0.027796557,-0.048990597,0.071072911,0.054705895,0.00022961,-0.005028345,-0.015395951,-0.019372917,0.001086114,0.048578502,-0.02742923,-0.035360813,0.05257688,-0.044688711,-0.009340827,-0.075127364,-0.018852194,0.080361673
631 NCA10 28.tif,0.06936442,0.010152541,0.105497132,0.020101641,-0.004519912,0.025867061,-0.025166165,0.047070335,0.031678536,0.023383868,-0.027743976,-0.021223407,-0.017337291,0.01620767,0.045271335,0.031161154,-0.010942657,0.016533656,0.02167082,-0.004155195
635 NCA20 1.tif,0.099584793,-0.050127551,0.035657876,-0.089669289,0.029003042,-0.047569403,0.004444689,-0.00732075,-0.003301014,-0.007389893,0.038876081,-0.023347703,0.002977045,0.010660519,0.021798812,0.01703485,-0.028875686,-0.007883176,-0.005807632,-0.011368276
637 NCA20 3.tif,0.048755358,-0.021219366,0.02957808,-0.024928548,0.040493329,-0.021733983,-0.038420064,0.021395289,-0.02066581,0.040573605,0.007386943,-0.017945896,0.042210536,-0.013518556,0.024337354,0.009179463,0.010659379,0.003285428,-0.028851479,-0.014250657
639 NCA20 5.tif,0.025214351,-0.035887134,0.048194062,-0.008692081,0.031451943,-0.050578598,-0.027095133,-0.031733979,-0.014758715,0.007037991,0.004883984,0.001058643,-0.00575346,-0.030187253,0.008158531,0.007089343,-0.01541336,-0.013056314,0.007873102,-0.009978362
650 NCA20 16.tif,0.124739432,-0.021482904,0.030249938,-0.052913314,0.030547489,0.001724254,-0.033085285,0.018427173,0.014439937,0.015389221,0.007599429,-0.060143826,0.008482222,-0.012710752,-0.022113988,0.069640851,-0.018955428,0.037647692,-0.010777005,-0.016030363
651 NCA20 17.tif,0.07664158,-0.0382854,-0.002518982,-0.019405015,0.052771644,0.019227478,0.000840015,-0.01141653,0.021921806,-0.011458537,0.002639443,0.044936522,0.053817092,0.014775643,0.019395712,-0.032526733,0.012419198,-0.035668207,0.033742101,-0.027197714
653 NCA20 19.tif,0.108624943,-0.011147401,0.044259039,-0.076605748,0.029918137,-0.014862851,-0.000561213,0.008892098,0.051226578,-0.001585975,-0.040132555,-0.033058235,-0.037227646,0.019519822,-0.020550051,-0.01573871,0.005789119,0.041449914,-0.002971376,0.037888826
655 NCA20 21.tif,0.037550819,0.049447041,0.042558262,0.007657413,0.016370343,-0.03104885,0.007955644,-0.034353822,0.025935894,0.023490363,-0.024672675,0.017514408,-0.021556943,0.067837541,-0.002003777,0.087263394,0.026014754,-0.020295079,-0.013332939,-0.048933445
658 NCA20 24.tif,0.071479503,-0.01679508,0.103151647,0.070182639,0.005808945,-0.023244386,0.022275163,0.026637705,-0.055203279,0.047957839,0.032002707,-0.020314289,0.007586018,0.002594773,-0.012618335,-0.016199673,-0.031618884,0.032869723,-0.027928564,0.010620824
660 NCA20 26.tif,0.110101966,-0.000937516,0.046355564,0.075957753,0.003195069,-0.03098757,-0.025501995,0.041187122,-0.018391901,0.019796547,-0.008630558,-0.002738229,0.011151839,0.034565613,-0.005972698,-0.003797284,-0.02782741,0.027743797,-0.007070116,-0.012102237
661 NCA20 27.tif,0.02983007,0.026282664,0.022148869,-0.075507336,0.012380944,-0.032219983,-0.007395898,-0.038783932,-0.008932528,-0.034724778,-0.042877343,0.006586648,0.03481887,-0.024918227,-0.01252442,0.009197662,0.048861975,0.031999021,0.00865333,-0.021894114
672 NCA30 8.tif,-0.052111475,0.157680165,0.119302917,-0.067936946,0.031182772,-0.020738691,-0.012410951,-0.036943394,-0.00440389,0.021527169,-0.001092763,0.015575447,0.011902074,-0.018034234,0.016395054,0.017261501,-0.033633165,-0.006712481,0.025597085,0.038153599
674 NCA30 10.tif,0.023969821,0.027996389,0.056792479,-0.067388336,-0.009646832,-0.029903082,0.013016141,-0.0116164,0.013653274,0.004814891,0.022869174,-0.004877061,-0.007828374,0.001086442,-0.00342656,-0.000374927,-0.013306772,0.006983247,0.007645009,-0.018121506
675 NCA30 11.tif,0.061881292,0.008464381,0.062391025,-0.028222968,0.02382199,-0.016673699,0.000963332,-0.006009491,-0.002605484,-0.010687856,0.006320294,-0.023156519,-0.025485288,0.006953331,0.003787691,-0.003135515,-0.020750522,0.017363637,0.018873101,0.009020027
680 NCA30 16.tif,0.036482029,0.024574227,0.096409103,0.056161281,0.021449149,0.059223107,0.030300474,0.026354982,0.050524463,-0.007128041,0.016857526,-0.007267384,0.007546965,0.024702673,-0.013351027,-0.002073692,-0.020314092,0.018824276,0.013878476,-0.033253627
682 NCA30 18.tif,0.019730739,0.097050376,0.015073168,-0.019036801,0.017846605,-0.040344771,0.019479265,-0.003698175,-0.003134896,-0.000611585,-0.012749964,0.017564841,-0.021172013,-0.012771639,-0.027132815,-0.026473178,0.049924512,0.013263955,0.025463363,0.040511518
683 NCA30 19.tif,0.030433363,0.198398906,0.057962748,0.026316903,-0.002948168,-0.012482787,-0.00830917,0.069514375,-0.014139026,0.033995203,-0.017687351,-0.012949544,-0.005462245,-0.029621084,-0.00331863,-0.036221374,-0.023076833,0.059093429,0.01088304,0.028115666
686 NCA30 22.tif,0.046096021,-0.006462292,0.042196475,-0.0216892,0.053123485,0.058319559,0.011165622,-0.002060744,0.004670363,-0.025844637,-0.016463205,0.003421315,-0.001366723,0.033961778,-0.000323648,0.070851478,0.008542153,0.030233641,0.006891978,0.021331376
688 NCA30 24.tif,-0.010952002,0.083916997,0.089884849,0.012107399,-0.003928187,-0.026984598,-0.021413809,0.002940075,0.059052158,0.065622402,-0.013262706,-0.022282914,0.010198706,0.043643766,-0.020507003,-0.013733778,-0.093511829,-0.038309428,0.014805975,0.000989771
691 NCA30 27.tif,-0.032240131,0.092066517,0.025961434,0.024966489,-0.017611884,0.00326397,0.031182073,0.004665035,0.01478456,-0.005594973,-0.013530676,0.000362224,-0.003825289,0.039480547,0.015957966,0.027124745,-0.034294687,0.026570145,-0.000642867,-0.050499548
692 NCA30 28.tif,0.023644679,-0.039414429,0.031310051,-0.102556755,0.102969051,-0.018246925,-0.032601409,0.038342709,-0.015063415,0.013984676,-0.005186398,-0.01227932,0.043996013,-0.002791116,-0.008719106,-0.020206197,0.023812125,-0.020384775,-0.013720889,0.019126433
697 NCA40 3.tif,0.082206596,0.025470157,0.017737927,-0.0232562,0.014913987,0.004030733,0.001089488,-0.016433457,-0.022496107,-0.007171459,-0.007200564,-0.00189522,0.005669771,0.003813605,-0.005800574,0.0229923,0.018823911,0.013970266,0.017886442,0.012340961
699 NCA40 5.tif,0.086037923,-0.007647948,-0.005099078,-0.049197618,0.043544128,0.00913906,-0.003332777,0.012877607,-0.026601135,0.000901566,0.007835813,0.064827563,0.022421744,0.032464672,-0.033979484,0.012253678,-0.011888036,-0.051870907,-0.020817706,0.071071551
701 NCA40 7.tif,0.00035929,0.114134036,-0.037321416,-0.008131167,0.066001376,-0.057778769,0.038543473,0.000552058,0.024770139,0.0147621,0.014809269,-0.035183899,0.053885773,0.019689025,-0.043861191,0.026171967,0.061851372,0.079585267,0.005322582,-0.024660449
704 NCA40 10.tif,-0.060325943,0.003093349,0.073657337,-0.042772624,0.064918927,-0.03022498,-0.033483162,-0.011641187,0.020778414,-0.050307009,0.022511099,-0.029796011,-0.008958358,-0.00657104,-0.02645853,0.005430733,-0.018854039,0.022352753,0.017193764,0.014217945
706 NCA40 12.TIF,0.017442165,-0.066152275,0.01661149,-0.067922841,0.032474796,-0.024329744,-0.016922164,-0.008268931,0.006998494,0.005257038,-0.004568794,-0.004706424,-0.020467563,0.004238777,-0.018046219,0.006280742,0.016745702,0.02073886,0.036815042,0.013135912
711 NCA40 17.TIF,0.072717544,-0.006954865,0.020517012,-0.014480827,0.026539415,0.010305753,0.033246795,0.012312261,0.029691647,-0.037524027,-0.015053156,0.034294425,0.011884471,0.02984463,-0.002660326,-0.010396835,0.016437352,0.034002781,0.017546464,0.035847726
714 NCA40 20.tif,-0.019483084,-0.015610666,0.046828477,0.000543337,0.029615589,-0.002239148,-0.002541236,0.011224844,0.001262848,0.026279799,0.007194674,0.000504389,0.022415284,-0.002452524,0.004178594,-0.006749096,-0.001536025,-0.013411455,-0.019591746,0.03658606
715 NCA40 21.tif,-0.004160965,0.07263218,0.01883749,0.011791995,0.036131985,0.019449041,0.011153834,0.006458228,0.015680753,0.010208343,0.020278314,-0.005629615,0.028751139,-0.033187052,-0.024529452,-0.039721862,0.021850688,0.009557347,-0.045926448,-0.041812039
718 NCA40 24.tif,-0.008504038,0.108002875,0.056346456,-0.04620336,5.73E-05,-0.020071925,-0.025681419,-0.040026803,-0.021649763,0.005539907,-0.013122712,0.023485756,-0.009724932,0.012087116,-0.003596501,0.011774444,0.025234487,-0.013638669,-0.024920422,-0.010742694
724 NCA40 30.tif,-0.018036228,0.019224594,-0.060373758,0.029986839,0.011113331,-0.034369964,-0.024429547,-0.057165274,-0.006355101,0.009321185,-0.017594402,0.00875307,0.026656862,0.001983344,-0.006353636,-0.02659434,-0.00702829,-0.002502726,-0.022378075,-0.020427619
726 NCA50 2.tif,0.050708988,0.006328936,0.066963854,-0.024608719,-0.011910883,0.003879077,0.014206487,-0.028775864,0.017812298,-0.008350226,0.023992742,-0.008249644,-0.002334647,0.009299334,-0.003568149,-0.004987963,-0.029393085,-0.013927771,-0.006524268,-0.009631253
733 NCA50 9.tif,0.068162766,0.001381498,-0.019480882,-0.027809099,0.068558872,-0.034250566,0.003989688,-0.028483121,0.02050369,-0.001397308,0.032345263,0.005473868,-0.021232912,-0.002087684,0.016918608,0.00618818,0.027479392,0.00017902,-0.005459531,0.003873738
736 NCA50 12.tif,0.036508963,-0.010171,0.019269389,-0.004361277,0.065502926,0.010824435,0.024689442,0.000345978,0.012531309,-0.013752272,0.010470246,-0.008359675,-0.004756709,0.010657282,-0.004577703,-0.00956393,0.003908115,0.002349834,-0.001988651,0.010210543
737 NCA50 13.tif,0.029199188,0.042606694,0.019956662,-0.031937048,-0.047762966,0.044659988,0.035277687,-0.023839583,-0.009354296,-0.035658269,-0.00158699,0.003432171,-0.017995095,0.003788811,0.015113523,-0.026478178,0.009401538,0.007349121,0.006902663,-0.009321223
739 NCA50 15.tif,0.009765183,0.056150943,0.056273279,-0.020195449,0.009002451,-0.002216613,0.010270612,0.001231236,0.02026826,-0.00884105,-0.021895532,0.014124337,-0.022510561,-0.000699676,-0.019156577,-0.004244788,0.018303403,0.011882844,0.001743897,0.021452381
740 NCA50 16.tif,0.031868748,0.018693216,-0.006342707,-0.042290045,0.013517016,-0.008176031,-0.000745,0.012090393,0.00070141,-0.006029104,-0.012062913,-0.002646072,-0.003382349,-0.000802243,-0.011887817,-0.004548994,0.000318337,0.001257521,-0.009176239,0.002669036
747 NCA50 23.tif,0.051023614,-0.066963647,0.09111043,0.029371042,0.024049565,-0.022236552,0.000884901,-0.006694586,0.038422359,0.008561841,-0.021656072,0.021632858,-0.025138232,0.015829869,-0.008797769,0.017514018,-0.009980169,0.011791718,-0.016148712,-0.007045212
750 NCA50 26.tif,0.036582009,0.008603084,0.091609992,-0.07115803,0.027345659,0.023824445,0.002336122,-0.007185075,-0.000511745,-0.036289022,0.011376261,-0.029772986,-0.002751923,-0.093344743,-0.000866904,-0.068129463,-0.069897801,-0.017074555,0.019582321,0.001282147
752 NCA50 28.tif,0.057724517,0.03000706,-0.014356945,-0.041349577,0.052332899,0.000654065,-0.032081307,-0.004919935,0.010933734,-0.01082419,-0.013950593,0.023525428,0.034911854,0.016129356,-0.006451264,-0.010866604,-0.016144953,0.043685552,-0.010861468,-0.000981888
753 NCA50 29.tif,0.009602623,0.000308375,0.075311899,-0.002611026,0.059324557,-0.008552865,0.042312235,-0.002707264,-0.006621843,-0.02532981,-0.030839228,-0.013339527,-0.001214571,-4.87E-08,-0.009216203,-0.010275201,-0.016260681,0.020754218,-0.00936686,-0.002785304
39 T40 Ace con.tif,0.002783272,-0.183314727,0.090517463,0.005673529,0.076296872,-0.006231492,0.045638299,-0.003518428,-0.004910894,0.001024696,-0.030984448,-0.01883076,0.006390309,0.019227827,-0.012387786,-0.014475036,-0.015172613,-0.012089811,-0.000182438,-0.002130702
41 Acme PlotLn1.tif,0.134054655,-0.0385951,0.090909176,-0.011858529,-0.006586739,-0.022322338,-0.015768045,-0.008492516,0.023378979,-0.021112002,0.014183434,0.007062926,-0.00175567,-0.004834308,0.007487136,0.005167733,0.013863318,-0.011637011,0.005558987,-0.008997863
45 T63 Bei too.tif,0.183978633,0.036763469,0.046638193,0.002904905,-0.029406739,-0.028743815,0.021289372,-0.008824431,0.020167729,-0.010730657,0.02718539,-0.00803737,0.006492114,-0.016426418,0.010073011,0.013873327,-0.003698045,-0.003337097,0.00459518,0.007862343
48 T59 Bro pla.tif,0.171105728,0.077635807,-0.079516616,0.044608473,0.098218245,0.011070171,-0.015038282,0.008131287,-0.006793249,-0.015135147,-0.002017804,-0.001061539,0.005044734,0.014572925,0.006196761,-0.004188465,0.008791628,0.005978432,-0.021041783,-0.007478583
51 Card T33N27n2.tif,0.118105868,-0.004284449,0.022324498,-0.000816679,0.046414532,0.070232353,-0.021533889,0.013981914,0.015833825,-0.001822217,-0.00302902,-0.006309627,0.019991468,0.00770916,0.010595361,-0.019540485,-0.005186369,0.031157022,-0.009355175,-0.010568465
54 T33 Car sub.tif,0.028289655,0.076807264,-0.00627757,0.012763327,-0.078454153,-0.023955893,-0.082868469,-0.004273407,-0.019533474,0.038296253,0.0138308,-0.017979902,0.008544041,-0.014390618,-0.008964109,0.00332883,0.006182292,-0.007106072,0.009544221,0.013725033
55 T30 Cer mac.tif,0.051755538,-0.118753148,-0.018478223,0.097786559,0.076426011,-0.024924475,0.015532472,-0.00617143,-0.035414736,0.023817688,-0.030391403,0.031866986,0.006307084,-0.002105678,0.000917429,-0.000797976,-0.001740932,-0.004072106,-0.007471886,-0.010034236
58 T25 Cry mur.tif,0.161636596,0.055786686,0.046383772,-0.075132321,-0.012555688,-0.016478341,-0.023429158,-0.010705986,0.033494494,0.005185855,-0.016945077,0.010437247,-0.020659843,-0.005301244,-0.00217301,0.002260666,-0.001527965,-0.011686303,0.015984885,-0.002658999
61 Dory T28G8n2.tif,0.000157997,-0.020299072,-0.038256447,0.048739641,0.034562659,0.031586976,-0.051096061,-0.024994077,-0.007402447,-0.00254354,0.023453056,-0.018984257,-0.005433486,-0.001190419,0.00028174,-0.011769057,-0.001369739,-0.005759859,0.001572268,0.017255731
64 Dory T28K24n2.tif,0.043702826,0.125143347,0.026731404,0.039935843,-0.011487435,0.03278426,-0.007278109,0.00732989,-0.032917589,0.014847546,-0.028037907,0.003875092,0.005469971,0.00629858,-0.006456449,0.008064259,0.019068146,0.042598462,-0.007209403,-0.004924778
68 T86 Dys arb.tif,0.176624647,-0.064945232,-0.105896398,0.067227964,0.015442786,-0.018298069,0.021723574,0.008570355,-0.023888544,0.014201751,0.001125361,0.015867868,0.003694345,0.003756946,0.006527185,-0.002708793,0.002683184,-0.005864075,-0.00037483,-0.01131728
70 T46 Ela ang.tif,0.194853834,-0.002453783,0.024763511,-0.000928832,0.00366229,-0.003594096,-0.022913064,0.010768162,-0.002040038,-0.024487428,0.025207582,-0.010365652,0.001477096,0.0159324,0.003551505,-0.005766705,0.001155062,0.00370598,-0.000170762,0.009709937
71 T34 End ins.tif,0.106901206,-0.124008919,-0.062704378,-0.001855568,0.005164556,0.016695684,0.008584589,-0.011251563,-0.003769367,0.001892615,-0.004425969,-0.010010633,0.005744257,0.000771164,-0.001320554,-6.36E-05,-0.005794691,-0.009911939,0.007969628,0.000350962
72 T52 End lep.tif,-0.142560777,-0.090571008,-0.07368938,0.068228558,0.087149186,0.074341933,-0.009205298,-0.036057512,0.020612674,0.01183093,0.004450905,-0.018463529,0.022368946,0.015703406,0.009575077,-0.009654825,-0.0225953,0.007117833,-0.004479866,-0.013499068
80 Endi T88M14n2.tif,0.040186092,0.366736859,0.109631776,-0.122900551,-0.061383895,0.022982886,0.004600234,0.002806457,-0.02151153,-0.000479524,-0.011954544,0.01306426,-0.010849872,-0.007765685,-0.017123501,0.008650453,-0.007075178,-0.010814511,-0.005313485,0.007290869
84 Euod T38J13n2.tif,0.044563942,-0.068852166,-0.073102234,0.011967942,0.016568413,0.079732064,0.001632973,0.044809091,-0.035561956,-0.045395495,0.004648413,-0.002877563,-0.01216709,-0.012071478,0.002402518,0.01709654,-0.014372375,0.017074037,0.02388188,0.046953267
88 T05 Fic var.tif,-0.257190478,-0.079188545,0.032179679,-0.054081028,0.019077678,-0.001984447,0.000336605,-0.012622049,-0.007764657,-0.013618981,0.009227814,0.016692758,0.006809361,-0.001563744,0.012273678,-0.003548038,0.021413067,0.000634879,0.000517873,-0.017700328
90 Ficu T5M5n2.tif,-0.190075208,-0.158745445,0.021606067,0.026237728,0.05372724,-0.000943185,-0.015420277,-0.011288686,0.010683997,-0.009109488,0.003314435,-0.009593026,0.001359984,-0.006469155,0.000922223,0.003621782,0.02417929,-0.012076561,0.012114475,-0.008270479
91 T69 Gar war.tif,-0.050396778,0.244718813,0.028308737,-0.027352902,-0.088509908,0.040333797,0.001980332,0.007727213,-0.024278349,0.008477244,-0.017586694,-0.007409791,-0.014224354,0.01072022,-0.004256935,-0.010649008,-0.009213486,0.000974965,-0.013187995,-0.00449824
92 T08 Gil ade.tif,0.007324493,0.097110744,0.039700042,-0.063640495,0.055919474,-0.021642231,-0.042068205,-0.004154653,0.001132554,0.005860902,-0.008145717,-0.012095558,-0.000949034,-0.002081014,-0.010926121,-0.00310069,0.015695808,-0.018979032,0.017728561,-0.003622224
93 Gill T8B13n1.tif,-0.24525377,0.088672059,0.059499735,-0.019931107,0.027720905,-0.011126798,-0.026590132,0.012393016,0.002396891,-0.026565338,-0.0056005,-0.030747408,0.001804823,0.015244786,0.038858511,0.004023115,-0.00604296,-0.000940559,-0.022884278,-0.003997855
94 Gill T8B13n2.tif,-0.257219937,0.074064929,0.00064726,0.00797829,0.039796145,-0.080188244,-0.012569851,0.002520174,0.008315458,-0.003928066,0.010806324,-0.009696323,-0.010866508,-0.014388517,-0.003057405,0.01119367,0.012403063,0.001757537,0.006965814,0.003767322
95 Gill T8B13n3.tif,-0.031488128,0.03128291,0.062041261,0.00727282,-0.008291937,-0.010473874,-0.011499401,0.018779388,0.005192088,-0.016223475,0.009159344,-0.0073933,-0.00849531,0.014817133,0.007226786,-0.010163739,0.020655462,0.008592675,0.002356908,-0.006278754
98 T29 Gim fas.tif,-0.084534589,0.070886161,-0.069840613,0.073691511,0.001459942,-0.022125633,0.04790626,0.086061476,-0.015110565,-0.000793645,-0.008676299,-0.003610847,0.009896716,0.008927037,0.012110357,-0.027066995,-0.001394028,0.015357119,0.000300072,-0.003510799
101 T06A Gre bai.tif,0.305969241,-0.149548845,0.045078867,0.067667843,-0.051216238,-0.141978043,0.003192769,0.061088584,0.050297667,-0.012556412,-0.011763233,0.02053197,-0.005939771,-0.007453226,0.006874061,-0.017311826,-0.0212672,0.030385733,-0.024827518,-0.008435747
107 T76 Lin sle.tif,0.172225229,0.024404587,-0.042720428,0.010799774,0.069759569,0.071784618,-0.042574782,0.004816187,0.030151959,-0.025382175,-0.009423149,-0.011592047,-0.026794222,-0.015710981,-0.006281079,0.005046448,-0.003612874,-0.017048613,-0.004615872,0.003484153
110 Linds T1A9n3.tif,0.094995509,-0.090798429,0.039437203,0.065722921,-0.007926288,-0.021211472,-0.010271632,0.014541587,0.02887701,-0.021074495,0.009437569,0.011201856,0.014024093,0.002134419,0.022093355,-0.014023247,0.004939686,0.006372172,-0.003956559,-0.005151504
113 Linds T1E33n2.tif,0.153441838,-0.084688991,-0.030338577,0.046210767,0.03765188,0.006545777,-0.009142482,-0.003867843,-0.005863443,0.011541212,-0.016149576,0.008139236,0.00750381,-0.004064025,0.003713771,-0.002825075,0.008380158,-0.005827872,0.013527328,-0.011510051
114 T91 Lit lee.tif,-0.101066538,0.048170503,0.067533667,0.071194254,0.024638324,0.058615205,0.013176704,0.016220514,-0.010323608,-0.02331642,-0.015325077,0.018609785,0.014209033,0.008531091,0.002064975,-0.009564759,0.005450931,0.000118088,0.003867826,-0.009612838
116 T09 Mis gra.tif,0.042064665,-0.021461999,0.021681795,0.043008524,0.06682124,-0.017417319,-0.052026253,0.000701999,0.022534528,-0.020469247,0.010723231,-0.019870828,-0.011274874,0.00540864,0.011118918,-0.010558051,-0.006069144,0.003563938,-0.008476111,-0.00142562
117 T54 Myr ins.tif,0.062671333,-0.077540644,0.034935403,-0.068514645,-0.041316425,-0.079998699,0.025822831,0.013198681,-0.021171428,0.015473618,0.005059813,-0.006302002,-0.010181108,0.028292869,0.019698873,-0.009441126,0.005271163,0.001396667,-0.005047961,0.002694566
119 T49 Neo kev.tif,0.190891998,-0.010780475,-0.045590003,0.111308542,-0.079717842,0.025785519,-0.016216783,-0.025285493,-0.0057047,-0.007819627,0.020993693,-0.009713185,0.008486489,0.000554355,-0.002001716,0.01177164,0.007641856,0.039970846,0.015368485,-0.006700683
123 T53 Pla obo.tif,0.151134313,0.118658295,-0.03258565,0.101424983,-0.032569212,0.00257651,0.05321043,-0.006453608,0.013536366,-0.019944151,-0.014054924,-0.011647349,-0.014283976,-0.002128851,0.011725112,-0.017027321,0.016340453,-0.014451326,0.010746696,-0.011588101
124 T74 Pol aus.tif,-0.042143178,-0.031893241,0.073928055,-0.039696122,0.082123539,-0.070931633,-0.047712154,0.049320406,0.020739574,-0.054874457,0.01813264,-0.008627096,-0.013349155,-0.007450881,0.003557802,0.007215037,0.009530466,-0.008850229,-0.026295637,0.015983559
126 T45 Pre ser.tif,-0.051964223,-0.045817689,-4.12E-05,0.023235252,-0.016653067,-0.080705766,-0.047923134,-0.003754022,-0.061627911,-0.004351963,0.032410578,-0.016250266,0.018663672,0.016617571,-0.045605348,-0.049926259,-0.010017429,-0.041086053,0.036452553,0.026637883
127 T03 Pul stu.tif,0.067065758,0.04216181,-0.087665267,0.117181481,-0.006754441,-0.012139786,-0.003621574,-0.009067144,0.021166947,-0.002550934,-0.000359107,-0.001141269,0.008123248,0.004543587,0.003155048,0.000314503,-0.000181043,0.001756064,0.020777651,-0.001591371
128 Pull T3A13n1.tif,0.153240333,0.099391767,-0.053629019,-0.059987783,-0.01337497,0.028034265,-0.005585651,-0.013608993,0.014267812,0.010021487,0.004177445,-0.013478533,-0.029256132,0.004176325,-0.018578287,-0.013992244,-0.011983134,-0.025928649,-0.006912966,0.002452377
130 Pull T3A13n3.tif,0.134434604,-0.003534686,-0.057623868,0.051776884,0.040113107,0.017668516,-0.006796199,0.004438918,0.025575911,0.008079695,0.040045162,6.51E-05,0.019185421,0.00420567,0.018817059,0.007235123,-0.033859338,0.012274368,0.029366159,-0.003086957
133 T78 Qua bai.tif,0.165649027,0.206486325,0.042598731,-0.030680697,-0.040379503,-0.035532271,0.00651035,-0.006615621,0.005275876,-0.011397996,0.010532717,-0.010665929,-0.003351195,0.00320083,-0.002725155,0.007949716,-0.011546478,0.004279389,0.017273984,-0.014849748
135 T75 Roc ang.tif,0.139832406,-0.151280296,-0.030518745,-0.065234155,-0.032202394,-0.032983061,0.033642833,0.003420308,0.011486253,0.026324955,-0.021130671,-0.002048846,0.000274465,0.004795612,-0.003759986,-0.008373071,0.009559062,-0.006259306,-0.014967788,0.012578095
138 Rypo T2H22n2.tif,0.175506116,0.009413442,-0.006873382,-0.015750085,0.088903188,-0.027370972,-0.065983203,-0.014017816,0.03322245,-0.003150483,0.004274749,-0.018226351,-0.003567644,-0.010875701,0.007738397,-0.001696581,0.008498325,-0.00461561,0.005407051,0.002062618
139 Rypo T2K13n1.tif,0.251389086,-0.070223446,0.037883703,-0.016397735,0.013538775,-0.02517334,-0.008201624,0.008991728,0.018414339,-0.017489914,0.013006918,0.008491316,-0.023124943,-0.007293152,0.011617414,0.009009116,-0.004618375,0.006794269,-0.003653853,0.004657077
145 T73 Slo mac.tif,0.0503335,0.110121475,0.008303592,0.029970761,-0.054913138,-0.023598379,-0.054150358,0.034321932,-0.022140236,-0.000874961,0.03046001,-0.02228037,0.015524345,0.019427857,0.022977958,0.004607722,0.029205315,-0.016301075,0.010617695,-0.002010778
149 Stor T43M37n1.tif,0.028632352,0.197210437,-0.061095585,-0.013304444,0.060404537,-0.016289575,-0.052516099,-0.005019156,-0.008910223,-0.004575891,0.000351949,0.004932589,-0.003304974,-0.013706475,-7.51E-05,-0.002419596,-0.003287534,0.00311793,-0.018261938,0.007381264
156 T11 Syz ery.tif,-0.120265252,0.106272153,0.080369463,-0.088337826,0.082278418,-0.035428247,0.036714024,-0.021116715,0.020254983,0.007056583,0.020349479,-0.008268167,0.021018913,0.032779744,-0.015965019,0.008231297,-0.00069773,0.021120992,-0.02488451,-0.009538182
158 T68 Syz wil.tif,0.130302798,-0.116820319,0.050394755,-0.094519865,-0.041185388,-0.007288754,0.054963702,-0.043915661,0.013252933,-0.00752604,-0.001264082,0.004302505,0.009607092,-0.019013211,0.024893423,-0.003249775,0.005842308,0.000741326,-0.028974545,-0.006694068
159 Syzy T10M19n1.tif,-0.027015636,0.274694225,0.143391971,-0.059510777,-0.065483539,0.015120949,0.015651166,-0.015533026,-0.019523206,-0.008533477,-0.022776643,-1.17E-05,-0.003450814,-0.015920401,-0.006075509,-0.0038207,-0.014872882,-0.000734158,-0.006334283,0.015589665
163 Syzy T10M19n5.tif,0.077704995,0.094305785,0.120863843,-0.034929251,-0.083326739,-0.016029342,0.041157494,-0.013864582,-0.013726281,0.011309774,0.001014638,0.008256352,-0.001810646,-0.00162208,-0.005925604,0.01148217,-0.001913027,0.006433952,0.001417051,-0.003710154
165 Term T87L27n1.tif,0.114140336,0.243380749,-0.043468806,0.07088731,0.024962845,-0.008553714,0.029653686,-0.010832331,-0.01106657,-0.005651888,-0.018538634,0.014979584,-0.005159132,-0.006906825,-0.007647997,-0.008853781,0.019709243,-0.010619093,-0.005470459,0.000348048
174 T13 Xan chr.tif,0.301104083,-0.029621459,-0.004370168,-0.016305207,-0.029827232,0.007414601,0.015084442,-0.00686905,-0.018157626,-0.030970572,0.021177797,-0.008042536,0.008223548,0.003150193,0.023254734,0.000506486,0.003163779,0.005646675,-0.001897257,-0.011992773
764 Cerro 991 10.tif,-0.095941122,0.111431244,0.091386133,0.036779057,0.029145128,-0.00968432,0.084495584,-0.007805895,0.034529421,0.005286873,-0.032367551,0.038097915,0.029668377,0.003613119,-0.00403355,-0.019390003,-0.027447637,0.012005932,0.019497864,0.004791007
770 Cerro 991 16.tif,-0.044187449,0.076326434,0.009316367,-0.03003132,-0.078421068,-0.024801692,0.0075762,-0.032077845,0.052302747,0.016890293,-0.04191411,0.014050385,-0.017824087,-0.000347158,-0.02559587,0.012546587,0.012371799,-0.012422878,0.001126462,-0.010574172
780 Cerro 991 26.tif,-0.031498173,0.010931832,0.153123315,0.074691931,-0.013980084,0.151993756,0.029190388,0.10468101,-0.013522836,0.030609641,0.038662527,-0.050303015,-0.010211963,0.049853017,-0.018432926,-0.003831735,0.02919704,0.012141237,9.81E-06,-0.010131389
781 Cerro 991 27.tif,-0.041189856,-0.011853522,0.055055793,-0.10196068,0.034028093,0.033390496,0.070528914,0.033391407,-0.019013073,0.014485236,-0.028840783,0.006770463,-0.014657304,-0.013385878,-0.050781164,0.021486141,0.018803093,-0.002128848,0.020537846,-0.018708324
783 Cerro 991 29.tif,-0.171345274,0.082500085,0.06582312,0.020736507,0.101642094,0.11852406,0.00015233,-0.013328802,0.009543703,-0.003828352,0.044036844,0.014288497,-0.02564115,-0.021848242,-0.010920826,0.012776694,-0.017651974,-0.004377121,0.000413107,-0.018336406
786 Cerro 991 32.tif,-0.105912983,0.042046341,0.052402797,-0.042254318,0.060818673,0.083033047,0.046608756,-0.024340651,-0.007040149,0.004299213,-0.045622143,0.011548066,-0.00259675,-0.015750417,-0.00605134,-0.004238131,0.014823804,-0.030072279,-0.009026399,0.001363158
795 Cerro 991 41.tif,0.067897926,0.035528425,0.002349596,-0.009583487,0.003553718,0.02856994,0.005563834,-0.013203109,-0.020303704,0.005791794,-0.019688392,-0.005103607,0.012772894,-0.001258005,-0.002300787,0.003279615,0.005827235,-0.002402005,-0.001269445,0.008772141
799 Cerro 991 45.tif,0.004923713,0.039615326,0.011912335,-0.084801825,-0.006295321,0.076249264,0.059202724,0.082278212,0.023144645,0.002471912,0.016574835,0.01020607,0.015985135,-0.036974742,-0.010627171,-0.012756991,0.025102716,-0.013115847,-0.006668814,-0.016740451
800 Cerro 991 46.tif,0.003976251,0.014920512,0.053983642,-0.001267174,0.004558492,0.003441068,0.059804371,-0.045159674,0.000811054,-0.013129013,0.017639394,-0.017466305,0.014434203,0.032289937,0.016655868,0.004115856,-0.019466556,0.000623227,-0.025034288,-0.012877369
803 Cerro 991 49.tif,0.130618385,0.073841239,-0.03131286,0.041447864,-0.028834023,0.05485034,-0.016367547,0.018515075,-0.006234599,0.010569501,0.007460728,0.012523645,-0.00509886,0.022718158,0.016683292,-0.012302322,0.00098975,-0.001272531,0.017670227,0.006204171
807 Cerro 991 53.tif,-0.09299818,0.015644859,0.08946726,-0.077765116,0.056391744,-0.007910593,0.055768992,0.022029707,-0.008105987,-0.013385821,-0.028663387,0.027343626,0.01534307,-0.004717068,-0.005781269,0.006457724,0.016858848,-0.024691127,-0.00403266,-0.026033621
813 Cerro 991 59.tif,-0.081793998,0.183198246,-0.081569659,-0.132639351,0.010066379,-0.065292693,0.090706569,-0.080576953,0.035426525,0.042719918,0.023701084,0.010691012,-0.007729286,-0.013367262,-0.009463657,0.021811677,-0.024519371,-0.017499098,0.017373836,0.012772851
815 Cerro 991 61.tif,-0.068820025,0.046851305,0.024102499,-0.035625068,0.045824409,0.037889729,0.082490915,-0.017074827,-0.033185045,-0.000182883,-0.028615954,0.012919803,-0.006476711,-0.002816524,0.012592744,-0.015211855,0.005535851,0.000719059,0.037236664,0.009045211
816 Cerro 991 62.tif,0.049297793,-0.006226203,-0.013184968,0.001123181,0.003360706,-0.001626497,-0.001361762,-0.000666605,-0.004689225,-0.025250869,0.012011123,0.016349408,0.012055282,-0.007711203,-0.002405777,0.003325641,-0.002807883,-0.009661022,0.020919787,-0.007723248
821 Cerro 991 67.tif,0.035364241,-0.038172376,-0.073302742,0.010522907,-0.04527407,0.001949602,0.062333471,-0.031534645,-0.008286066,0.047528718,-0.008259301,-0.00185237,0.005524723,0.024005306,-0.001313064,-0.014383229,-0.011803599,0.015254919,0.029370379,0.020032012
827 Cerro 991 73.tif,-0.009517147,0.007993421,0.077865953,-0.014155639,0.067790974,0.076589796,0.030178137,0.018340591,-0.042039188,-0.006668443,-0.030469005,-0.025474092,-0.022078495,0.007396124,0.015511482,-0.005798317,-0.005287618,-0.018996276,-0.017634886,-0.004468998
830 Cerro 991 76.tif,-0.057998463,0.02436297,0.043954458,-0.019481361,0.013736292,0.002302487,0.066334544,-0.069292154,-0.001841017,-0.023243363,-0.028134057,0.00999067,0.012933377,0.032787203,0.013319524,-0.040350638,0.004972082,0.007455853,-0.0333195,-0.007394675
831 Cerro 991 77.tif,0.044368108,0.179001294,0.080631422,0.021682823,-0.06287511,0.013640606,-0.02224087,-0.023426689,-0.047029048,0.025786947,-0.012416793,0.037590579,0.030329249,0.016181473,0.015250846,-0.01894592,0.003746569,0.024706234,-0.002362513,-0.013038234
840 Cerro 991 86.tif,0.022860573,0.016094086,0.028624807,-0.068083175,0.006605714,0.037574383,0.042779852,-0.017454082,-0.017590587,-0.024438559,-0.009528969,0.016839995,0.007502137,-0.013336862,-0.00259905,0.002682645,0.025140433,-0.004624348,0.000158027,-0.013545803
856 Cerro 991 102.tif,-0.022900797,0.146060445,-0.01651926,0.014755483,0.020148476,-0.027334185,0.07929598,-0.00174021,0.004024214,0.038345561,0.026399633,-0.010785713,0.013694928,-0.012953149,-0.019947839,0.020077888,0.008880257,-0.025263667,0.021355675,0.003689973
881 Cerro 991 127.tif,-0.072683416,0.057887475,-0.001366917,-0.107042956,0.033850277,0.122585041,-0.035957986,0.003278344,0.014814222,-0.026112638,-0.017805417,-0.023167018,-0.0027312,0.036505039,-0.000389789,0.01500519,-0.02209831,0.001267966,-0.006883905,0.016722518
891 Cerro 991 137.tif,-0.016302343,0.101565816,0.024179687,0.007180619,-0.036950809,0.039846104,-0.021257636,-0.004023209,-0.038450481,-0.016695488,-0.002752178,-0.009186383,-0.013887982,-0.002674616,0.010986642,-0.01758617,-0.001190714,0.018582058,-0.007796664,-0.014386962
892 Cerro 991 138.tif,-0.070344913,0.09735266,0.022246671,-0.033586223,0.006159581,-0.002475111,-0.021941736,-0.030653068,-0.024553323,-0.022877178,0.004923002,0.004290366,0.017883517,0.01676667,0.000552141,-0.006434627,0.024884069,0.012192242,-0.020159701,-0.003893923
898 Cerro 991 144.tif,0.110708981,0.008505187,0.016131631,0.012027056,0.011923226,0.00875879,0.047855642,-0.014842725,-0.005363475,-0.011962009,0.001867894,-0.007105789,0.00555314,-0.022995546,-0.013916849,0.026763727,0.020107121,-0.011813894,0.00604185,0.01749321
902 Cerro 991 148.tif,-0.011855876,0.077427114,0.059947286,-0.005451245,0.037747946,-0.008838998,0.019742939,0.001967694,0.025656902,-0.005424052,-0.032553722,0.007182187,-0.010831176,-0.000612031,-0.033558161,-0.004826143,-0.013366713,-0.005604334,0.002958611,0.004135822
2107 Cerro 992 3.tif,0.144754185,-0.076734894,-0.077893788,-0.042858679,-0.019331534,0.061854156,0.029041171,0.019287519,-0.048443853,-0.020631284,0.011190827,-0.019429869,-0.008781014,-0.024472809,0.013017882,-0.007847817,0.015092846,-0.007077959,0.029391294,-0.025859355
2113 Cerro 992 9.tif,-0.067093777,0.043600342,0.021672402,-0.057993584,-0.024633013,0.046126182,0.015722062,-0.032800504,-0.002478536,0.00055131,-0.003825255,0.014828748,-0.005918151,0.018046671,0.007632807,-0.021465308,-0.007001395,0.016183973,0.010874288,0.01890959
2114 Cerro 992 10.tif,0.124238818,0.05713365,-0.03853035,-0.015639779,-0.127621539,-0.012510571,0.021299261,-0.020965302,0.027815473,0.023577201,0.002445071,0.008433985,-0.006658716,-0.018515345,-0.024638869,-0.008796228,0.039773472,0.006662802,0.008615338,0.001913954
2130 Cerro 992 26.tif,-0.006533953,0.105540694,0.015989706,-0.010870202,0.014753947,-0.031052741,0.01330873,-0.007677311,-0.053654562,-0.026180792,-0.001035398,-0.013551589,-0.011999076,0.001557784,-0.002297976,-0.002552711,0.008633325,-0.053731997,-0.000954469,-0.007860862
2132 Cerro 992 28.tif,0.057873064,0.140786558,0.06527015,0.036776451,-0.078380823,0.057365603,-0.006333259,-0.034486567,0.007665212,-0.016933001,0.019435768,0.006624042,0.022349792,-0.012969344,0.021013887,0.01572378,0.013872639,-0.000961086,0.000526033,-0.002489176
2135 Cerro 992 31.tif,0.09188969,-0.01738755,-0.022166495,0.025910943,-0.022424828,0.018811035,0.017450679,0.000921211,-0.004393576,0.020460684,-0.012255431,0.008562671,-0.00336043,-0.004600399,0.002534884,0.002467627,-0.005248588,0.006409093,-0.025594701,-0.005694313
2150 Cerro 992 46.tif,0.339169849,-0.126677464,0.18244099,0.324976356,-0.00650064,-0.01078477,0.010066809,-0.027983064,0.020990301,0.034289619,-0.02760973,-0.011352999,0.002032556,0.001732955,0.022781683,-0.021258083,0.038033691,-0.017271804,-0.000692506,-0.002993343
2159 Cerro 992 55.tif,0.068980134,0.058708156,0.026086983,-0.033678766,-0.028552455,0.043160136,0.003789113,-0.041138924,-0.015338959,0.001452396,-0.00273247,0.003391857,-0.004792781,0.01106932,-0.002062289,0.007345673,0.003251588,0.001475755,0.011343388,-0.014955287
2163 Cerro 992 59.tif,-0.18939699,0.028894093,0.10743848,0.007102339,0.015220781,0.019411271,0.036030372,-0.052923464,0.031345613,-0.009797855,-0.022690157,0.028975679,0.049853986,-0.026007091,-0.00582207,-0.008163446,0.008162377,0.00744695,0.016433569,-0.008298951
2171 Cerro 992 67.tif,0.095037587,-0.100644641,-0.006749034,0.108668155,-0.001918978,-0.024759404,0.043560239,0.009062701,0.006876063,0.004994855,0.016348646,0.000765056,0.006629941,-0.027112468,0.012200572,0.009426504,0.024545127,-0.02641258,0.033888369,0.006868697
2178 Cerro 992 74.tif,0.094134631,0.056150496,-0.086432384,0.072291808,0.002396862,-0.028031588,0.017288072,-0.000616815,-0.027087665,-0.001084339,0.012003349,0.008770589,-0.018910206,-0.000216065,-0.008089463,0.010023669,0.018173267,-0.003575698,0.014894188,0.002188189
2179 Cerro 992 75.tif,-0.147447276,0.088350566,0.093937756,0.097487348,-0.012590214,0.043676222,0.016778419,0.001725309,-0.002788325,-0.012074481,0.012215644,-0.003653168,0.002044394,-0.025574707,-0.007646097,0.029008437,0.022534728,-0.0225048,0.005764225,-0.018507033
2189 Cerro 992 85.tif,0.067208843,0.221379638,-0.038263127,-0.021701833,0.017033891,0.001511624,-0.003106395,0.019939173,-0.049407303,-0.011799899,0.022128577,-0.022098408,-0.004739794,-0.013820336,0.012607796,0.038600741,-0.008835035,-0.014495165,-0.010397294,-0.008797891
2195 Cerro 992 91.tif,0.040299592,-0.091413504,-0.019457728,-0.028267022,0.004055271,-0.020771846,0.007748504,-0.009408932,0.017019867,0.019358281,0.013389037,-0.015032459,-0.011653105,-0.033328231,-1.11E-05,0.013114524,0.01808316,-0.004396496,0.026630014,0.013025207
2196 Cerro 992 92.tif,0.097600503,0.133290014,0.048261179,0.013295161,0.017774018,-0.063035404,0.03133568,0.053593615,-0.029950989,-0.024571804,0.029829955,0.041866691,-0.004474345,-0.014329643,0.018561214,0.016038346,0.035016382,0.012236751,0.026589653,-0.018739892
2205 Cerro 992 101.tif,0.081648017,-0.153361565,-0.01491591,0.056379806,-0.007632333,-0.025620457,-0.008374187,0.000409775,0.006366634,0.026567456,-0.020483914,0.002587108,-0.0114566,0.009646746,-0.009600108,-0.008037859,-0.005717222,0.006197518,0.000279562,0.022827517
2209 Cerro 992 105.tif,0.141055169,0.099177924,-0.023373972,0.017923766,-0.097789542,-0.041308949,-0.006069606,-0.020526974,-0.028581647,-0.033704958,-0.014113092,0.026850165,0.007307191,-0.014217359,0.001176033,-0.011326455,0.010960325,0.011564697,-0.020439959,-0.02629988
2215 Cerro 992 111.tif,0.062712592,0.066252686,0.047913032,0.066396006,-0.026016101,0.03200082,0.002148154,0.000487042,0.004129664,0.014279642,0.016645447,-0.015931607,-0.002025716,-0.008586122,-0.023261534,0.02188681,0.002219221,-0.007081846,0.01992572,0.004981117
2219 Cerro 992 115.tif,-0.025291256,0.028190723,0.042202811,0.081433253,0.013230495,0.033005588,0.032098544,-0.02018418,0.003612449,-0.001392172,-0.00496118,0.004356945,-0.000667631,-0.003093472,-0.016544815,0.000617816,-0.008489374,-0.000476721,-0.010099442,0.00817828
2223 Cerro 992 119.tif,0.138963323,0.086006424,-0.018135778,-9.03E-05,-0.010729361,-0.004171133,-0.012943645,-0.006394476,-0.014035572,-0.01950721,-0.004826044,0.018269518,-0.006590025,-0.013329778,0.007434303,-0.001674404,-0.00707314,0.005546489,-0.000818818,-0.000243264
2227 Cerro 992 123.tif,0.133710869,0.107880809,0.000836144,-0.029926187,-0.038153858,0.011187773,0.027144532,0.019171008,-0.016505483,-0.021108011,0.001131966,0.015166579,0.023153566,-0.017068296,0.008828951,0.009163335,0.005447417,0.010782575,-0.00809815,0.002842998
2229 Cerro 992 125.tif,0.13174199,0.185855254,-0.021579682,-0.016971279,-0.075431759,-0.03627318,0.000701781,-0.031143828,0.038005082,0.008392662,0.00352727,0.021525947,-0.046021038,-0.030050383,-0.019065209,0.013905382,-0.017857592,-0.017259781,-0.006727916,0.00120639
2234 Cerro 992 130.tif,0.018178745,0.087359405,-0.048594109,0.071717506,-0.01486347,0.011248416,0.038615541,0.025136964,-0.015097552,0.000747841,0.019273007,-0.018560331,-0.013446322,-0.012300863,0.01097448,0.025246029,-0.014436869,0.031027138,-0.015188979,-0.01159573
2251 Cerro 992 147.tif,0.1193905,0.041859136,-0.036840754,-0.028209768,-0.076528759,0.010469776,-0.034278821,-0.02196639,0.016565029,-0.012835803,-0.018578949,-0.00404896,0.004262415,-0.014364323,-0.00056939,-0.003948823,0.02202179,0.006041514,-0.004670786,-0.000832205
2252 Cerro 992 148.tif,0.055023106,-0.057369017,-0.013538211,-0.054716748,-0.040177883,0.019024123,-0.007407112,0.025061884,-0.005240016,0.030077324,0.014064879,-0.02289472,-0.018712126,0.00124147,-0.001595999,-0.002344905,-0.016040084,-0.003482218,-0.019126241,0.007307872
1206 LS991 2.tif,-0.12471745,-0.170419712,0.031342036,-0.00715666,0.035227916,-0.027756672,-0.003882298,0.052499962,0.017082703,0.029995414,-0.03224942,-0.015958726,-0.009675345,0.013082878,0.002031733,0.001808871,-0.007928103,-0.010853559,0.011945024,0.018304135
1217 LS991 13.tif,0.138444018,-0.002667029,-0.068313316,-0.053807869,-0.026320919,0.014054811,0.034893287,0.015514972,-0.020969967,0.009767972,0.011347396,-0.008503935,0.007454243,0.000989202,-0.001147084,-0.012762207,0.006890509,-0.003066666,-0.003959352,0.001595732
1218 LS991 14.tif,-0.152559077,-0.098586087,-0.110863841,0.091387136,-0.00562475,-0.004929212,-0.007743113,0.005150187,-0.034766741,0.015176579,0.016125007,-0.042294286,0.003117311,0.028057368,0.002773181,-0.006868646,-0.026043208,0.009975636,0.018880709,0.014815205
1232 LS991 28.tif,-0.152202005,0.107812472,0.031446865,0.001725926,-0.012552608,-0.044576332,-0.00172598,-0.020253868,-0.008229999,0.016372272,-0.023829415,0.002064624,0.004778893,-0.000350659,0.009638138,-0.000141328,-0.006102623,-0.004563639,-0.013176796,-0.015028496
1242 LS991 38.tif,-0.059250937,0.120878252,0.128261955,-0.045081493,0.006339204,0.047859635,0.011275494,-0.028583231,-0.053915881,0.015932549,-0.006762198,0.013725583,0.015169328,-0.024793395,-0.009660811,0.001533247,-0.022074586,0.011213483,0.026031129,0.01519463
1246 LS991 42.tif,-0.085753247,-0.162889445,-0.225432529,-0.359249699,-0.035525125,-0.046164538,0.084135734,0.035558905,-0.032329621,-0.000855191,0.038329602,0.005813838,0.00707554,-0.00602264,0.0026416,-0.014603827,-0.012289171,-0.001651767,-0.015968976,-0.020240321
1266 LS991 62.tif,0.072947849,-0.036716234,-0.017299074,-0.072321422,-0.004479179,-0.019593645,-0.008787594,0.003956308,0.012234344,-0.018102965,0.011830251,-0.008269033,-0.005257408,-0.003619348,-0.003746583,0.019777637,-0.012257529,-0.0106666,-0.005176778,-0.011285233
1276 LS991 72.tif,0.088693118,0.071477182,0.065699765,0.094325275,-0.022235947,-0.020335562,0.02738842,0.023562764,-0.016061605,0.012903476,0.033693319,-0.006154658,0.020980739,0.004592282,0.00545183,0.002255259,-0.00272697,0.00822323,0.004518476,-0.004645305
1277 LS991 73.tif,-0.008121834,-0.112277157,-0.101752153,-0.0345435,0.040519133,0.075197277,-0.004036583,-0.01256691,-0.027966806,0.03083838,-0.003482718,0.0142386,0.006457068,0.000616892,-0.014818556,0.024881372,0.007482779,0.005059649,0.005383577,0.00308072
1290 LS991 86.tif,0.103137462,-0.039762479,0.020957435,0.096931684,0.031158255,0.012852187,0.00263388,0.010186757,-0.042735144,-0.010120261,0.007692039,0.022877355,0.01883417,-0.016238316,0.020814176,-0.002097947,-0.001228235,-0.018659641,0.020874974,-0.009529115
1300 LS991 96.tif,0.125635474,0.008377719,-0.007112495,0.024085264,0.068691921,0.064917438,-0.003572191,0.007814162,-0.014560657,-0.008521475,0.008756593,-0.004360279,0.017443588,0.006325621,0.00457951,-0.005648692,-0.003204223,-0.01630947,0.001478914,0.009120237
1318 LS991 114.tif,-0.008858063,-0.094772609,-0.059400999,0.025328859,-0.058148125,-0.002680091,-0.054829894,-0.053648772,0.006063503,0.0086017,-0.005813338,0.00572498,0.000859533,-0.022438191,-0.019472079,0.008398846,-0.007245669,-0.000187004,0.015298346,0.023052217
1342 LS991 138.tif,0.006051293,-0.135022768,0.05205608,0.069380486,-0.020071904,0.012606271,0.017274671,0.008840902,0.025604084,-0.001352773,0.000203976,0.028144323,9.81E-06,-0.00285268,0.006585801,-0.003869772,0.003770436,-0.007995651,0.001403093,0.013030056
1369 LS99B 15.tif,-0.117332313,0.233868098,0.055779464,-0.025158686,-0.061839229,-0.034733169,-0.001731332,-0.004435541,-0.030409322,0.047363849,-0.000273423,-0.012289704,0.004926952,0.021008221,0.007525857,-0.02000254,0.014502509,-0.006303497,0.007865204,-0.009890082
1373 LS99B 19.tif,0.020063575,-0.106762807,-0.203847499,-0.077833138,-0.011371545,0.077557437,-0.020790325,-0.015651616,-0.00236905,0.019637339,0.016318505,0.012336927,0.004133754,0.002822099,0.014344638,0.001342439,-0.009324339,0.003934141,0.02801493,0.00716991
1397 LS99B 43.tif,-0.012075684,-0.077489733,0.080649629,0.066709178,0.068839977,-0.063152405,0.023346629,0.012562963,0.004193422,-0.010597972,-0.030627325,-0.00514487,-0.010808352,0.026496882,0.001693362,-0.011008071,0.020170631,-0.0029937,-0.021926191,-0.005991176
1425 LS99B 71.tif,-0.034013887,-0.070397586,-0.090083598,-0.123323339,0.014855925,0.049544909,-0.004062248,0.015101211,0.010129993,-0.000202879,-0.009030764,-0.009450654,-0.020912945,-0.017750166,-0.015617272,0.007828526,-0.001898664,-0.013343377,0.01496792,0.023824063
1433 LS99B 79.tif,0.149912901,0.036174164,-0.008936436,0.137056043,0.014843021,0.012658942,0.04112125,0.000528452,-0.007914223,0.000268622,0.020331406,0.002868876,0.022727044,-0.008098113,-0.000587845,0.003698447,-0.006394262,0.004134113,-0.010143302,-0.010491232
1439 LS99B 85.tif,-0.019047949,-0.163707754,0.00215518,0.033432508,-0.033853875,-0.040049767,-0.009303331,-0.018877292,-0.063822523,0.009776023,0.015975534,-0.017086878,0.010511832,-0.017628931,0.006080871,0.01298905,-0.001941103,-8.44E-05,0.010050428,0.0141872
1451 LS99B 97.tif,0.046863875,-0.104279738,0.001197603,0.081357199,-0.001985545,-0.094177332,0.03593629,-0.004992363,0.007376911,0.017508206,-0.008319943,0.005506956,0.002512613,0.00051937,-0.012912904,0.022815362,0.00203275,0.006437577,0.004704317,-0.00119469
1454 LS99B 100.tif,0.015504466,-0.086771251,-0.106261118,-0.015162831,-0.061908739,0.060613032,0.012520873,-0.009470132,0.020985224,-0.002042502,-0.009574613,-0.016667112,0.003269307,-0.013509964,-0.003101876,0.009662148,-0.001375136,0.000986313,-0.019754319,-2.64E-05
1459 LS99B 105.tif,-0.140713562,0.174452178,-0.036825425,-0.060723165,0.044263945,-0.017413374,-0.000155225,0.029969687,0.000660289,-0.035871266,-0.02755197,0.014305568,0.015039865,0.006229898,0.010132682,-0.00200358,-0.010895234,-0.003986731,0.00276291,-0.008140056
1469 LS99B 115.tif,0.065405928,-0.042398465,-0.066840916,0.063367928,-0.007896173,0.010237558,0.001465274,-0.020619364,-0.036378298,0.046999862,0.010680521,0.03344093,0.023040783,-0.006548625,-0.016505522,0.011171318,0.013738402,0.009553717,0.006768825,0.019898025
1480 LS99B 126.tif,0.075973974,-0.081134081,-0.145582475,-0.010069613,-0.003724788,0.099772257,-0.020929189,-0.00826284,0.036122151,-0.002182313,0.006994547,0.005372947,-0.00667822,0.022537836,0.011863148,-0.002032436,-0.005017846,0.000752448,0.013415993,-0.019665157
1502 LS99B 148.tif,-0.044433878,0.220299437,-0.003731132,0.039688588,-0.055507348,-0.013790026,-0.006912893,-0.048416673,-0.002088849,0.02080433,-0.005203479,0.013467173,0.002888717,-0.012831331,0.022036729,0.013125391,-0.005961426,-0.013538279,-0.014461081,-0.00154248
1525 LS2000A 21.tif,-0.070034579,-0.137054781,-0.02256183,0.070323014,-0.013821483,-0.050407245,-0.001564232,-0.031875578,-0.010061967,0.013719381,0.042353225,0.013978591,0.001657145,-0.041591204,0.002908991,0.028400791,0.007057436,0.020336827,0.019501962,0.006752225
1574 LS2000A 70.tif,0.057425869,0.062500416,0.068717099,0.011487102,-0.020910569,-0.045757837,0.02319952,0.035616435,0.033035461,0.009931693,-0.038864856,0.027738166,0.004044999,-0.027200164,-0.025868297,-0.024840635,0.005012319,0.006631864,-0.043443067,-0.003770031
1582 LS2000A 78.tif,0.074471382,-0.013217889,0.037062221,-0.05797886,0.052747107,0.025512652,0.018341731,-0.041007617,-0.000897582,-0.008681096,0.04093935,-0.01971068,0.014234329,-0.010246895,0.019740771,0.029747631,0.004799305,-0.020030589,0.017022312,-0.012334097
1588 LS2000A 84.tif,0.032605084,0.065590821,0.043567458,-0.089185512,0.029413439,0.055791887,-0.036498865,-0.034328861,-0.027741436,0.009854865,0.02373093,0.018191978,0.015756703,0.001686979,0.009975908,-0.01256949,0.020549449,0.008306548,0.036129142,0.005384694
1591 LS2000A 87.tif,0.112620629,0.027841428,-0.07794816,-0.022100658,-0.010763407,-0.059825398,-0.060182959,-0.093184242,0.012935727,-0.010449877,-0.016909672,0.002858019,-0.005180715,0.000133256,-0.016367063,-0.003382898,0.019798575,0.015345222,-0.020579735,-0.001351328
1600 LS2000A 96.tif,0.024312227,0.032242144,0.119872191,-0.008456967,0.049163317,-0.017009746,0.022852489,0.052736967,0.010729519,-0.013969513,0.024186149,0.011802843,0.002548987,-0.033034951,-0.001099058,0.016622007,0.00418873,-0.012028873,0.006500563,-0.00053951
1603 LS2000A 99.tif,-0.098815533,-0.140384329,-0.050004498,0.025572069,0.011817031,0.058349919,0.034499003,0.011567935,-0.05123505,-0.01685934,-0.013435533,-0.005535173,0.018623474,-0.000969424,-0.024747116,-0.013145086,-0.038327929,-0.011457331,-0.003620035,0.001130674
1605 LS2000A 101.tif,0.04659873,0.004521009,-0.106341918,-0.08673031,0.075874907,0.061291436,-0.019637356,-0.009827532,-0.021926826,0.030652252,-0.003757441,0.020556393,0.01631236,0.015069799,-0.009422292,-0.026292323,0.004845051,0.026832509,-0.005876887,0.008350759
1614 LS2000A 110.tif,-0.184737678,-0.047633596,-0.069722573,0.04266767,0.028011149,-0.029755179,-0.031231821,0.006420049,-0.004469954,0.011354615,-0.025487219,0.007245831,0.007166197,0.002040062,-0.00665143,0.009366797,-0.013343472,-0.032947788,-0.010893359,-0.000448314
1615 LS2000A 111.tif,-0.1220514,-0.116268641,-0.020442255,0.029071411,0.038565818,0.053448161,-0.038580844,-0.003760484,-0.007052714,0.024882996,-0.040966191,0.006062366,-0.011054797,-0.009136891,-0.010558246,-0.021874668,0.008500443,-0.008066609,-0.028195265,-0.003587223
1621 LS2000A 117.tif,0.015909973,0.017263931,0.05031714,-0.018952387,-0.007145878,0.006123009,-0.007297322,0.080167057,-0.009294938,0.017850928,-0.018303707,0.008541213,0.006858603,0.015650655,-0.00396697,-0.013353106,-0.013869444,0.000380526,-0.017670196,-0.005322149
1641 LS2000A 137.tif,0.094073104,0.029334009,0.105669893,0.01717136,-0.013856034,0.007016624,0.015189587,0.095481927,-0.007974706,-0.027493125,0.038538665,-0.005891292,-0.008073266,-0.039691599,0.019982391,0.024768845,0.005844795,-0.004959363,0.011930216,0.000816172
1669 LS2000B 15.tif,-0.056446074,-0.044502733,-0.090694377,-0.018930966,0.11154569,0.06160893,-0.017214848,-0.042507668,-0.008821143,0.018933696,-0.022251664,-0.000134018,0.009394991,-0.004951413,-0.025897823,-0.013011708,-0.005087691,0.009416636,0.00907855,-0.002738674
1689 LS2000B 35.tif,0.033739476,-0.022035989,-0.071114954,-0.045815208,0.060875874,-0.058635613,-0.027079991,-0.006276604,0.044268899,-0.024050079,0.003168068,0.002998364,-0.013629031,0.005979028,-0.003204729,-0.012039025,-0.013624213,-0.008478622,-0.0181572,0.000450569
1707 LS2000B 53.tif,-0.02426471,-0.085813673,0.081345462,0.076049649,0.047628408,0.010376322,0.032534869,-0.011314354,0.013985207,-0.021168062,-0.012862709,-0.024445167,0.005163029,0.025096092,0.015526987,-0.006570525,0.016705062,-0.022151298,0.00416428,-0.010915376
1746 LS2000B 92.tif,0.03134238,-0.118690371,-0.043721516,-0.102946449,0.032726287,-0.000209412,-0.057006707,-0.038214232,-0.040878374,0.027098001,-0.012737662,-0.017001029,-0.010351535,0.009498135,-0.01884622,-0.005558403,-0.017994805,0.027090658,-0.000709581,-0.000271231
1757 LS2000B 103.tif,0.01951707,-0.087129573,0.037259121,0.02709137,0.020122605,-0.048791598,-0.045998401,-0.000474294,0.010718863,0.024311039,0.00628891,-0.004665218,0.002499597,-0.013230198,0.001922455,0.016608977,0.012583131,-0.020351427,0.006180055,0.009823426
1759 LS2000B 105.tif,-0.122123176,0.084685716,0.042467629,-0.003778461,0.052601595,-0.045951299,-0.04183625,0.04119507,0.019465165,0.000419406,0.008068609,-0.005835513,-0.023042205,-0.000779267,0.007615874,-0.005210216,-0.008711953,-0.01127417,0.008924213,-0.004125065
1773 LS2000B 119.tif,0.040674863,0.021838448,-0.015723437,0.024959826,0.062114106,-0.064667919,0.037108204,-0.030261105,0.003259469,-0.044209642,-0.032913916,0.014597551,-0.010445367,-0.008563445,0.001984435,-0.004902986,0.005207261,0.003105101,0.009088665,-0.023517862
1779 LS2000B 125.tif,-0.021850974,0.099497941,0.006806405,-0.020375265,-0.097948254,-0.02270354,-0.019888775,-0.035995391,0.024244716,0.022869401,0.002811984,0.007160809,-0.003458449,0.018858816,0.016879442,-0.027103747,-0.029560428,0.019759954,-0.012375542,0.00354917
1784 LS2000B 130.tif,0.038872803,0.048471797,-0.128129387,-0.017162669,-0.054131661,-0.014040042,-0.013209452,0.003115913,-0.027542678,0.000949613,-0.022348835,0.016175658,0.010537173,0.012942633,-0.025904084,0.007698088,0.001044918,0.019093699,0.001191531,-0.002182973
1785 LS2000B 131.tif,0.1150876,-0.09802129,-0.023056133,0.053764161,-0.013798687,-0.000521889,0.017872033,0.001266848,-0.025859728,-0.009706788,0.03575735,-0.017266804,0.014007963,0.018246761,0.020182866,-0.006898252,0.002188347,-0.009716625,0.008664522,-0.003535485
1787 LS2000B 133.tif,0.066248236,0.031047371,-0.039723018,-0.011551899,-0.101907887,0.017693623,-0.067881563,0.023982654,0.043836996,-0.00123281,0.016088442,-0.011917778,-0.021015498,0.011083875,0.006503614,0.008622599,-0.00731,0.003293654,-0.01327,0.001931861
1801 LS2000B 147.tif,0.068971133,0.134389418,-0.025967973,-0.085797005,-0.000356251,0.024714652,0.014247029,0.024995187,-0.019753485,0.010946351,0.011995071,-0.00491906,0.007440397,-0.003251453,0.012984157,0.004336787,0.013542691,-0.016383356,0.004489694,-0.004579663
1804 LS2000B 150.tif,0.147381817,0.073410329,0.050693708,0.011444416,-0.034723893,0.005068876,-0.015739084,0.045724935,0.021434466,0.013047468,0.016723586,0.005017584,0.004812093,-0.004551787,0.011358882,-0.004096452,-0.000246407,0.005123848,-0.009592724,-0.001488719
